,COG,REG,NORM,INT
COG,1.0,0.30736372858481964,0.25418339252858413,-0.4803598654769702
REG,0.30736372858481964,1.0,0.4387047233707173,-0.11060469484074535
NORM,0.25418339252858413,0.4387047233707173,1.0,-0.052069637186459725
INT,-0.4803598654769702,-0.11060469484074535,-0.052069637186459725,1.0
