"Outcome","Predictor","Group","Std_Beta","p"
"L_INT","L_COG","EduYes",-0.528968802833977,5.96405147490486e-11
"L_INT","L_REG","EduYes",0.000909047636612034,0.993786118255626
"L_INT","L_NORM","EduYes",0.0461877613826715,0.705018862119231
"L_INT","L_COG","EduNo",-0.67441545554933,1.04445745829906e-07
"L_INT","L_REG","EduNo",0.114665897905457,0.50060951231876
"L_INT","L_NORM","EduNo",0.123653362125214,0.379684426464541
