Predictor,Std_Beta,SE,t,p_value,CI_lower,CI_upper
NORM (Normative),0.0696918623020977,0.05869908044117722,1.1872734935249356,0.23612961984085956,-0.04585746107185244,0.18524118567604786
REG (Regulative),0.013081494896527785,0.0596591435369082,0.21927057817105441,0.8265996068396738,-0.10435771568305216,0.13052070547610772
COG (Cognitive),-0.5012457131178223,0.05543218466641104,-9.042503306234483,2.658395094737156e-17,-0.6103641419450387,-0.39212728429060584
