,Mahalanobis,Mahalanobis_sq
157,8.07073443564596,65.13675433072152
18,7.731615754437693,59.777882174269145
175,7.707701211018949,59.40865795834298
106,7.394577475879623,54.67977604678625
161,7.318920643245436,53.56659938212419
274,7.291186840408648,53.161405541748245
81,7.1172513714823324,50.65526708486714
129,6.984649789335126,48.78533267965923
288,6.97023605451775,48.584190655699174
